<?xml version="1.0" encoding="UTF-8"?>
<project-private xmlns="http://www.netbeans.org/ns/project-private/1">
    <editor-bookmarks xmlns="http://www.netbeans.org/ns/editor-bookmarks/2" lastBookmarkId="0"/>
    <open-files xmlns="http://www.netbeans.org/ns/projectui-open-files/2">
        <group>
            <file>file:/C:/Users/vaio/Documents/NetBeansProjects/ProyectoCarritovideo/src/Sistema/formuCliente.java</file>
            <file>file:/C:/Users/vaio/Documents/NetBeansProjects/ProyectoCarritovideo/src/ConexionSQLDB/DataBaseConexion.java</file>
            <file>file:/C:/Users/vaio/Documents/NetBeansProjects/ProyectoCarritovideo/src/Sistema/fr_opciones.java</file>
            <file>file:/C:/Users/vaio/Documents/NetBeansProjects/ProyectoCarritovideo/src/ConexionSQLDB/ClientesBD.java</file>
            <file>file:/C:/Users/vaio/Documents/NetBeansProjects/ProyectoCarritovideo/src/Cliente/claseCliente.java</file>
            <file>file:/C:/Users/vaio/Documents/NetBeansProjects/ProyectoCarritovideo/src/Sistema/form_Ingreso.java</file>
        </group>
    </open-files>
</project-private>
